"file_name","is_data_equal","readxl_duration_s","openxlsx_duration_s","readxl_nrows","openxlsx_nrows","readxl_ncols","openxlsx_ncols","readxl_dfsize_b","openxlsx_dfsize_b"
"01-lncRNAs-240.xlsx",TRUE,0.045968770980835,0.0022587776184082,240,240,1,1,17056,17056
"02-diseases-412.xlsx",FALSE,0.0282859802246094,0.00399398803710938,412,412,1,1,35272,35272
"03-miRNAs-495.xlsx",TRUE,0.0268604755401611,0.00296807289123535,495,495,1,1,32448,32448
"04-lncRNA-lncRNA.xlsx",TRUE,2.8459050655365,0.0764474868774414,240,240,240,240,490208,490208
"05-lncRNA-disease.xlsx",TRUE,4.77643918991089,0.10780930519104,240,240,412,412,841088,841088
"06-miRNA-disease.xlsx",TRUE,4.69944334030151,0.202179193496704,495,495,412,412,1681568,1681568
"07-disease-disease.xlsx",TRUE,4.80467391014099,0.234541177749634,412,412,412,412,1408000,1408000
"08-lncRNA-miRNA.xlsx",TRUE,5.52414011955261,0.129204034805298,240,240,495,495,1010408,1010408
