"file_name","is_data_equal","readxl_duration_s","openxlsx_duration_s","readxl_nrows","openxlsx_nrows","readxl_ncols","openxlsx_ncols","readxl_dfsize_b","openxlsx_dfsize_b"
"01-lncRNAs-240.xlsx",TRUE,0.0662822723388672,0.00336551666259766,240,240,1,1,17056,17056
"02-diseases-412.xlsx",FALSE,0.0269479751586914,0.00551199913024902,412,412,1,1,35272,35272
"03-miRNAs-495.xlsx",TRUE,0.0309054851531982,0.0101344585418701,495,495,1,1,32448,32448
"04-lncRNA-lncRNA.xlsx",TRUE,2.88678336143494,0.139794588088989,240,240,240,240,490208,490208
"05-lncRNA-disease.xlsx",TRUE,4.82383513450623,0.168217182159424,240,240,412,412,841088,841088
"06-miRNA-disease.xlsx",TRUE,5.07133674621582,0.21673059463501,495,495,412,412,1681568,1681568
"07-disease-disease.xlsx",TRUE,4.46179485321045,0.224417209625244,412,412,412,412,1408000,1408000
"08-lncRNA-miRNA.xlsx",TRUE,5.49521970748901,0.153448820114136,240,240,495,495,1010408,1010408
