"file_name","writexl_duration_s","openxlsx_duration_s","nrows","ncols","dfsize_b"
"01-lncRNAs-240.xlsx",0.00149774551391602,0.0403375625610352,240,1,17056
"03-miRNAs-495.xlsx",0.00175762176513672,0.0171709060668945,495,1,32448
"02-diseases-412.xlsx",0.00200462341308594,0.0287392139434814,412,1,35272
"04-lncRNA-lncRNA.xlsx",0.0769376754760742,0.13175106048584,240,240,490208
"05-lncRNA-disease.xlsx",0.0619091987609863,0.171997785568237,240,412,841088
"08-lncRNA-miRNA.xlsx",0.0777103900909424,0.183715105056763,240,495,1010408
"07-disease-disease.xlsx",0.159332752227783,0.328075170516968,412,412,1408000
"06-miRNA-disease.xlsx",0.132994890213013,0.290177345275879,495,412,1681568
