"file_name","writexl_duration_s","openxlsx_duration_s","nrows","ncols","dfsize_b"
"01-lncRNAs-240.xlsx",0.00151658058166504,0.0162556171417236,240,1,17056
"03-miRNAs-495.xlsx",0.00210690498352051,0.0169553756713867,495,1,32448
"02-diseases-412.xlsx",0.0020134449005127,0.0159924030303955,412,1,35272
"04-lncRNA-lncRNA.xlsx",0.0754702091217041,0.173887252807617,240,240,490208
"05-lncRNA-disease.xlsx",0.0755345821380615,0.200492382049561,240,412,841088
"08-lncRNA-miRNA.xlsx",0.0907323360443115,0.197250127792358,240,495,1010408
"07-disease-disease.xlsx",0.131335020065308,0.507940769195557,412,412,1408000
"06-miRNA-disease.xlsx",0.150483369827271,0.29568338394165,495,412,1681568
